what,kind,bundleId,bundleVersion,description,time
stopped,bundle,org.eclipse.wst.xsl.exslt.ui,1.0.0.v201006012005,"org.eclipse.wst.xsl.exslt.ui",1316726665707
stopped,bundle,org.eclipse.wst.xsl.jaxp.debug.ui,1.0.200.v201103081922,"org.eclipse.wst.xsl.jaxp.debug.ui",1316726665708
stopped,bundle,org.eclipse.wst.xsl.ui,1.1.200.v201103082057,"org.eclipse.wst.xsl.ui",1316726665708
stopped,bundle,org.eclipse.wst.xml.xpath.ui,1.1.100.v201105030025,"org.eclipse.wst.xml.xpath.ui",1316726665709
stopped,bundle,org.eclipse.wst.xsl.debug.ui,1.0.200.v201101281837,"org.eclipse.wst.xsl.debug.ui",1316726665709
stopped,bundle,org.eclipse.wst.xsl.jaxp.launching,1.0.200.v201103081922,"org.eclipse.wst.xsl.jaxp.launching",1316726665710
stopped,bundle,org.eclipse.wst.xsl.launching,1.0.200.v201103081922,"org.eclipse.wst.xsl.launching",1316726665710
stopped,bundle,org.eclipse.wst.xsl.core,1.1.100.v201102270516,"org.eclipse.wst.xsl.core",1316726665711
stopped,bundle,org.eclipse.wst.xml.xpath.core,1.2.0.v201105030025,"org.eclipse.wst.xml.xpath.core",1316726665712
stopped,bundle,org.eclipse.datatools.enablement.oda.xml.ui,1.2.1.v201104211630,"org.eclipse.datatools.enablement.oda.xml.ui",1316726665712
stopped,bundle,org.eclipse.datatools.enablement.oda.xml,1.2.1.v201104121500,"org.eclipse.datatools.enablement.oda.xml",1316726665712
stopped,bundle,org.eclipse.jst.jsf.apache.trinidad.tagsupport,1.1.200.v201104061711,"org.eclipse.jst.jsf.apache.trinidad.tagsupport",1316726665713
stopped,bundle,org.eclipse.jst.jsf.facelet.ui,1.0.1.v201104032306,"org.eclipse.jst.jsf.facelet.ui",1316726665713
stopped,bundle,org.eclipse.jst.jsf.facelet.core,1.0.100.v201104191527,"org.eclipse.jst.jsf.facelet.core",1316726665714
stopped,bundle,org.eclipse.jst.jsf.facesconfig.ui,1.2.2.v201103292152,"org.eclipse.jst.jsf.facesconfig.ui",1316726665715
stopped,bundle,org.eclipse.jst.jsf.ui,1.3.2.v201104251204,"org.eclipse.jst.jsf.ui",1316726665715
stopped,bundle,org.eclipse.jst.pagedesigner.jsf.ui,1.2.100.v201104061711,"org.eclipse.jst.pagedesigner.jsf.ui",1316726665716
stopped,bundle,org.eclipse.jst.pagedesigner,1.3.3.v201104032306,"org.eclipse.jst.pagedesigner",1316726665717
stopped,bundle,org.eclipse.jst.jsf.core,1.3.5.v201105031140,"org.eclipse.jst.jsf.core",1316726665718
stopped,bundle,org.eclipse.jst.jsf.common.ui,1.2.100.v201104061711,"org.eclipse.jst.jsf.common.ui",1316726665719
stopped,bundle,org.eclipse.jst.jsf.standard.tagsupport,1.2.100.v201104061711,"org.eclipse.jst.jsf.standard.tagsupport",1316726665720
stopped,bundle,org.eclipse.jst.pagedesigner.jsp.core,1.2.0.v20100308,"org.eclipse.jst.pagedesigner.jsp.core",1316726665720
stopped,bundle,org.eclipse.jst.jsf.common,1.2.3.v201104061039,"org.eclipse.jst.jsf.common",1316726665721
stopped,bundle,org.eclipse.wst.jsdt.web.support.jsp,1.0.400.v201102241833,"org.eclipse.wst.jsdt.web.support.jsp",1316726665722
stopped,bundle,org.eclipse.jst.jsp.ui,1.1.600.v201105092017,"org.eclipse.jst.jsp.ui",1316726665722
stopped,bundle,org.eclipse.jst.jsp.core,1.2.400.v201105162116,"org.eclipse.jst.jsp.core",1316726665722
stopped,bundle,org.eclipse.wst.jsdt.web.ui,1.0.400.v201103080228,"org.eclipse.wst.jsdt.web.ui",1316726665722
stopped,bundle,org.eclipse.jpt.jaxb.eclipselink.ui,1.1.0.v201105110000,"org.eclipse.jpt.jaxb.eclipselink.ui",1316726665723
stopped,bundle,org.eclipse.jpt.jaxb.ui,1.1.0.v201105180000,"org.eclipse.jpt.jaxb.ui",1316726665723
stopped,bundle,org.eclipse.jpt.jpa.eclipselink.ui,2.0.0.v201104270001,"org.eclipse.jpt.jpa.eclipselink.ui",1316726665724
stopped,bundle,org.eclipse.jpt.jpa.ui,3.0.0.v201105170000,"org.eclipse.jpt.jpa.ui",1316726665724
stopped,bundle,org.eclipse.jst.j2ee.ejb.annotations.ui,1.1.200.v201004290730,"org.eclipse.jst.j2ee.ejb.annotations.ui",1316726665724
stopped,bundle,org.eclipse.jst.ejb.ui,1.1.600.v201104261451,"org.eclipse.jst.ejb.ui",1316726665725
stopped,bundle,org.eclipse.jst.servlet.ui,1.1.500.v201105122000,"org.eclipse.jst.servlet.ui",1316726665725
stopped,bundle,org.eclipse.jst.ws.jaxws.dom.integration,1.0.100.v201101252155,"org.eclipse.jst.ws.jaxws.dom.integration",1316726665725
stopped,bundle,org.eclipse.jst.jee.ui,1.0.400.v201105122000,"org.eclipse.jst.jee.ui",1316726665726
stopped,bundle,org.eclipse.jst.j2ee.navigator.ui,1.1.500.v201012020700,"org.eclipse.jst.j2ee.navigator.ui",1316726665726
stopped,bundle,org.eclipse.jst.j2ee.jca.ui,1.1.400.v201004150700,"org.eclipse.jst.j2ee.jca.ui",1316726665726
stopped,bundle,org.eclipse.jst.j2ee.ui,1.1.500.v201104151900,"org.eclipse.jst.j2ee.ui",1316726665726
stopped,bundle,org.eclipse.wst.web.ui,1.1.400.v201004141630,"org.eclipse.wst.web.ui",1316726665726
stopped,bundle,org.eclipse.wst.html.ui,1.0.600.v201104211436,"org.eclipse.wst.html.ui",1316726665727
stopped,bundle,org.eclipse.wst.css.ui,1.0.600.v201103022054,"org.eclipse.wst.css.ui",1316726665727
stopped,bundle,org.eclipse.wst.jsdt.web.core,1.0.400.v201104190230,"org.eclipse.wst.jsdt.web.core",1316726665728
stopped,bundle,org.eclipse.wst.html.core,1.1.500.v201104191551,"org.eclipse.wst.html.core",1316726665729
stopped,bundle,org.eclipse.wst.css.core,1.1.500.v201104191926,"org.eclipse.wst.css.core",1316726665730
stopped,bundle,org.eclipse.jpt.jaxb.eclipselink.core,1.0.0.v201105180000,"org.eclipse.jpt.jaxb.eclipselink.core",1316726665730
stopped,bundle,org.eclipse.jpt.jpa.eclipselink.core,2.0.0.v201105250000,"org.eclipse.jpt.jpa.eclipselink.core",1316726665731
stopped,bundle,org.eclipse.jpt.common.eclipselink.core,1.0.0.v201105180000,"org.eclipse.jpt.common.eclipselink.core",1316726665731
stopped,bundle,org.eclipse.jpt.jaxb.core,1.0.0.v201105240000,"org.eclipse.jpt.jaxb.core",1316726665732
stopped,bundle,org.eclipse.jpt.jpa.core,3.0.0.v201105250001,"org.eclipse.jpt.jpa.core",1316726665732
stopped,bundle,org.eclipse.jpt.common.ui,1.0.0.v201104120000,"org.eclipse.jpt.common.ui",1316726665733
stopped,bundle,org.eclipse.jpt.common.core,1.0.0.v201105180000,"org.eclipse.jpt.common.core",1316726665733
stopped,bundle,org.eclipse.jst.j2ee.xdoclet.runtime,1.1.300.v201004280700,"org.eclipse.jst.j2ee.xdoclet.runtime",1316726665734
stopped,bundle,org.eclipse.jst.j2ee.ejb.annotations.xdoclet,1.2.200.v201103302125,"org.eclipse.jst.j2ee.ejb.annotations.xdoclet",1316726665734
stopped,bundle,org.eclipse.jst.j2ee.ejb.annotations.emitter,1.1.200.v200909290826,"org.eclipse.jst.j2ee.ejb.annotations.emitter",1316726665735
stopped,bundle,org.eclipse.jst.j2ee.ejb.annotation.model,1.1.300.v201003112036,"org.eclipse.jst.j2ee.ejb.annotation.model",1316726665736
stopped,bundle,org.eclipse.jst.jee.ejb,1.0.301.v201007070821,"org.eclipse.jst.jee.ejb",1316726665736
stopped,bundle,org.eclipse.jst.j2ee.ejb,1.1.502.v201105180500,"org.eclipse.jst.j2ee.ejb",1316726665739
stopped,bundle,org.eclipse.jst.jee.web,1.0.301.v201007070907,"org.eclipse.jst.jee.web",1316726665740
stopped,bundle,org.eclipse.jst.ws.jaxrs.ui,1.0.400.v201104070312,"org.eclipse.jst.ws.jaxrs.ui",1316726665740
stopped,bundle,org.eclipse.jst.ws.jaxrs.core,1.0.300.v201011231608,"org.eclipse.jst.ws.jaxrs.core",1316726665741
activated,perspective,org.eclipse.jdt.ui,,"org.eclipse.jdt.ui.JavaPerspective",1316775981895
started,bundle,org.eclipse.osgi,3.7.0.v20110613,"org.eclipse.osgi",1316775981896
started,bundle,org.eclipse.equinox.simpleconfigurator,1.0.200.v20110502-1955,"org.eclipse.equinox.simpleconfigurator",1316775981897
started,bundle,com.ibm.icu,4.4.2.v20110208,"com.ibm.icu",1316775981898
started,bundle,org.eclipse.compare.core,3.5.200.I20110208-0800,"org.eclipse.compare.core",1316775981899
started,bundle,org.eclipse.core.contenttype,3.4.100.v20110423-0524,"org.eclipse.core.contenttype",1316775981900
started,bundle,org.eclipse.core.databinding.observable,1.4.0.I20110222-0800,"org.eclipse.core.databinding.observable",1316775981902
started,bundle,org.eclipse.core.expressions,3.4.300.v20110228,"org.eclipse.core.expressions",1316775981903
started,bundle,org.eclipse.core.filebuffers,3.5.200.v20110505-0800,"org.eclipse.core.filebuffers",1316775981903
started,bundle,org.eclipse.core.filesystem,1.3.100.v20110423-0524,"org.eclipse.core.filesystem",1316775981904
started,bundle,org.eclipse.core.jobs,3.5.100.v20110404,"org.eclipse.core.jobs",1316775981905
started,bundle,org.eclipse.core.net,1.2.100.I20110511-0800,"org.eclipse.core.net",1316775981906
started,bundle,org.eclipse.core.resources,3.7.100.v20110510-0712,"org.eclipse.core.resources",1316775981907
started,bundle,org.eclipse.core.runtime,3.7.0.v20110110,"org.eclipse.core.runtime",1316775981908
started,bundle,org.eclipse.core.runtime.compatibility,3.2.100.v20100505,"org.eclipse.core.runtime.compatibility",1316775981909
started,bundle,org.eclipse.core.runtime.compatibility.auth,3.2.200.v20110110,"org.eclipse.core.runtime.compatibility.auth",1316775981910
started,bundle,org.eclipse.core.variables,3.2.500.v20110511,"org.eclipse.core.variables",1316775981911
started,bundle,org.eclipse.debug.core,3.7.0.v20110518,"org.eclipse.debug.core",1316775981912
started,bundle,org.eclipse.emf.common,2.7.0.v20110605-0747,"org.eclipse.emf.common",1316775981913
started,bundle,org.eclipse.emf.ecore,2.7.0.v20110605-0747,"org.eclipse.emf.ecore",1316775981915
started,bundle,org.eclipse.emf.ecore.xmi,2.7.0.v20110520-1406,"org.eclipse.emf.ecore.xmi",1316775981917
started,bundle,org.eclipse.epp.mpc.ui,1.1.0.I20110525-0742,"org.eclipse.epp.mpc.ui",1316775981918
started,bundle,org.eclipse.epp.usagedata.gathering,1.3.1.R201106061540,"org.eclipse.epp.usagedata.gathering",1316775981919
started,bundle,org.eclipse.epp.usagedata.recording,1.3.1.R201106061540,"org.eclipse.epp.usagedata.recording",1316775981920
started,bundle,org.eclipse.equinox.app,1.3.100.v20110321,"org.eclipse.equinox.app",1316775981921
started,bundle,org.eclipse.equinox.common,3.6.0.v20110523,"org.eclipse.equinox.common",1316775981921
started,bundle,org.eclipse.equinox.ds,1.3.0.v20110502,"org.eclipse.equinox.ds",1316775981922
started,bundle,org.eclipse.equinox.event,1.2.100.v20110502,"org.eclipse.equinox.event",1316775981923
started,bundle,org.eclipse.equinox.frameworkadmin,2.0.0.v20110502-1955,"org.eclipse.equinox.frameworkadmin",1316775981923
started,bundle,org.eclipse.equinox.p2.core,2.1.0.v20110502-1955,"org.eclipse.equinox.p2.core",1316775981924
started,bundle,org.eclipse.equinox.p2.directorywatcher,1.0.300.v20110502-1955,"org.eclipse.equinox.p2.directorywatcher",1316775981925
started,bundle,org.eclipse.equinox.p2.engine,2.1.0.v20110511,"org.eclipse.equinox.p2.engine",1316775981926
started,bundle,org.eclipse.equinox.p2.metadata,2.1.0.v20110510,"org.eclipse.equinox.p2.metadata",1316775981927
started,bundle,org.eclipse.equinox.p2.metadata.repository,1.2.0.v20110511-1359,"org.eclipse.equinox.p2.metadata.repository",1316775981928
started,bundle,org.eclipse.equinox.p2.operations,2.1.0.v20110511-1821,"org.eclipse.equinox.p2.operations",1316775981930
started,bundle,org.eclipse.equinox.p2.reconciler.dropins,1.1.100.v20110510,"org.eclipse.equinox.p2.reconciler.dropins",1316775981931
started,bundle,org.eclipse.equinox.p2.repository,2.1.0.v20110601,"org.eclipse.equinox.p2.repository",1316775981932
started,bundle,org.eclipse.equinox.p2.ui.sdk.scheduler,1.0.100.v20110502-1955,"org.eclipse.equinox.p2.ui.sdk.scheduler",1316775981932
started,bundle,org.eclipse.equinox.p2.updatechecker,1.1.200.v20110502-1955,"org.eclipse.equinox.p2.updatechecker",1316775981933
started,bundle,org.eclipse.equinox.preferences,3.4.0.v20110502,"org.eclipse.equinox.preferences",1316775981934
started,bundle,org.eclipse.equinox.registry,3.5.100.v20110502,"org.eclipse.equinox.registry",1316775981935
started,bundle,org.eclipse.equinox.security,1.1.0.v20110502,"org.eclipse.equinox.security",1316775981937
started,bundle,org.eclipse.equinox.simpleconfigurator.manipulator,2.0.0.v20110502-1955,"org.eclipse.equinox.simpleconfigurator.manipulator",1316775981937
started,bundle,org.eclipse.equinox.util,1.0.300.v20110502,"org.eclipse.equinox.util",1316775981938
started,bundle,org.eclipse.help,3.5.100.v20110426,"org.eclipse.help",1316775981939
started,bundle,org.eclipse.jdt.apt.core,3.3.500.v20110420-1015,"org.eclipse.jdt.apt.core",1316775981940
started,bundle,org.eclipse.jdt.apt.pluggable.core,1.0.400.v20110305-1450,"org.eclipse.jdt.apt.pluggable.core",1316775981941
started,bundle,org.eclipse.jdt.core,3.7.0.v_B61,"org.eclipse.jdt.core",1316775981942
started,bundle,org.eclipse.jdt.core.manipulation,1.4.0.v20110505-0800,"org.eclipse.jdt.core.manipulation",1316775981943
started,bundle,org.eclipse.jdt.junit,3.7.0.v20110505-0800,"org.eclipse.jdt.junit",1316775981945
started,bundle,org.eclipse.jdt.junit.core,3.7.0.v20110518-0800,"org.eclipse.jdt.junit.core",1316775981946
started,bundle,org.eclipse.jdt.launching,3.6.0.v20110509,"org.eclipse.jdt.launching",1316775981947
started,bundle,org.eclipse.jdt.launching.macosx,3.2.100.v20110509,"org.eclipse.jdt.launching.macosx",1316775981948
started,bundle,org.eclipse.jdt.ui,3.7.0.v20110531-1200,"org.eclipse.jdt.ui",1316775981948
started,bundle,org.eclipse.jface,3.7.0.I20110522-1430,"org.eclipse.jface",1316775981949
started,bundle,org.eclipse.jsch.core,1.1.300.I20110514-0800,"org.eclipse.jsch.core",1316775981950
started,bundle,org.eclipse.jst.common.project.facet.core,1.4.200.v201103170302,"org.eclipse.jst.common.project.facet.core",1316775981951
started,bundle,org.eclipse.jst.ws.jaxrs.core,1.0.300.v201011231608,"org.eclipse.jst.ws.jaxrs.core",1316775981952
started,bundle,org.eclipse.jst.ws.jaxws.utils,1.0.0.v201004171919,"org.eclipse.jst.ws.jaxws.utils",1316775981952
started,bundle,org.eclipse.ltk.core.refactoring,3.5.200.v20110505-0800,"org.eclipse.ltk.core.refactoring",1316775981954
started,bundle,org.eclipse.ltk.ui.refactoring,3.6.0.v20110505-0800,"org.eclipse.ltk.ui.refactoring",1316775981955
started,bundle,org.eclipse.mylyn.bugzilla.core,3.6.0.v20110608-1400,"org.eclipse.mylyn.bugzilla.core",1316775981956
started,bundle,org.eclipse.mylyn.bugzilla.ui,3.6.0.v20110608-1400,"org.eclipse.mylyn.bugzilla.ui",1316775981957
started,bundle,org.eclipse.mylyn.commons.identity,0.8.0.v20110608-1400,"org.eclipse.mylyn.commons.identity",1316775981958
started,bundle,org.eclipse.mylyn.commons.net,3.6.0.v20110608-1400,"org.eclipse.mylyn.commons.net",1316775981958
started,bundle,org.eclipse.mylyn.commons.ui,3.6.0.v20110608-1400,"org.eclipse.mylyn.commons.ui",1316775981959
started,bundle,org.eclipse.mylyn.context.core,3.6.0.v20110608-1400,"org.eclipse.mylyn.context.core",1316775981960
started,bundle,org.eclipse.mylyn.context.ui,3.6.0.v20110608-1400,"org.eclipse.mylyn.context.ui",1316775981962
started,bundle,org.eclipse.mylyn.monitor.ui,3.6.0.v20110608-1400,"org.eclipse.mylyn.monitor.ui",1316775981962
started,bundle,org.eclipse.mylyn.tasks.ui,3.6.0.v20110608-1400,"org.eclipse.mylyn.tasks.ui",1316775981964
started,bundle,org.eclipse.mylyn.team.ui,3.6.0.v20110608-1400,"org.eclipse.mylyn.team.ui",1316775981966
started,bundle,org.eclipse.search,3.7.0.v20110505-0800,"org.eclipse.search",1316775981967
started,bundle,org.eclipse.team.core,3.6.0.I20110525-0800,"org.eclipse.team.core",1316775981969
started,bundle,org.eclipse.team.cvs.core,3.3.400.I20110510-0800,"org.eclipse.team.cvs.core",1316775981970
started,bundle,org.eclipse.team.cvs.ui,3.3.400.I20110510-0800,"org.eclipse.team.cvs.ui",1316775981972
started,bundle,org.eclipse.team.ui,3.6.100.I20110525-0800,"org.eclipse.team.ui",1316775981973
started,bundle,org.eclipse.ui,3.7.0.I20110602-0100,"org.eclipse.ui",1316775981975
started,bundle,org.eclipse.ui.console,3.5.100.v20110511,"org.eclipse.ui.console",1316775981976
started,bundle,org.eclipse.ui.editors,3.7.0.v20110517-0800,"org.eclipse.ui.editors",1316775981976
started,bundle,org.eclipse.ui.forms,3.5.100.v20110425,"org.eclipse.ui.forms",1316775981978
started,bundle,org.eclipse.ui.ide,3.7.0.I20110519-0100,"org.eclipse.ui.ide",1316775982010
started,bundle,org.eclipse.ui.net,1.2.100.I20110511-0800,"org.eclipse.ui.net",1316775982011
started,bundle,org.eclipse.ui.views,3.6.0.I20110412-0800,"org.eclipse.ui.views",1316775982013
started,bundle,org.eclipse.ui.workbench,3.7.0.I20110519-0100,"org.eclipse.ui.workbench",1316775982018
started,bundle,org.eclipse.ui.workbench.texteditor,3.7.0.v20110505-0800,"org.eclipse.ui.workbench.texteditor",1316775982022
started,bundle,org.eclipse.update.configurator,3.3.100.v20100512,"org.eclipse.update.configurator",1316775982023
started,bundle,org.eclipse.update.core,3.2.500.v20110330,"org.eclipse.update.core",1316775982024
started,bundle,org.eclipse.update.scheduler,3.2.300.v20100512,"org.eclipse.update.scheduler",1316775982027
started,bundle,org.eclipse.wst.common.project.facet.core,1.4.200.v201103170332,"org.eclipse.wst.common.project.facet.core",1316775982028
started,bundle,org.eclipse.wst.web,1.1.500.v201104251400,"org.eclipse.wst.web",1316775982029
started,bundle,com.bandlem.eclipse.fullscreen.ui,1.0.4.201108061054,"com.bandlem.eclipse.fullscreen.ui",1316775982029
os,sysinfo,,,"macosx",1316775982032
arch,sysinfo,,,"x86_64",1316775982032
ws,sysinfo,,,"cocoa",1316775982032
locale,sysinfo,,,"en_US",1316775982032
processors,sysinfo,,,"8",1316775982032
java.runtime.name,sysinfo,,,"Java(TM) SE Runtime Environment",1316775982032
java.runtime.version,sysinfo,,,"1.6.0_26-b03-383-11A511",1316775982032
java.specification.name,sysinfo,,,"Java Platform API Specification",1316775982032
java.specification.vendor,sysinfo,,,"Sun Microsystems Inc.",1316775982032
java.specification.version,sysinfo,,,"1.6",1316775982032
java.vendor,sysinfo,,,"Apple Inc.",1316775982032
java.version,sysinfo,,,"1.6.0_26",1316775982032
java.vm.info,sysinfo,,,"mixed mode",1316775982032
java.vm.name,sysinfo,,,"Java HotSpot(TM) 64-Bit Server VM",1316775982032
java.vm.specification.name,sysinfo,,,"Java Virtual Machine Specification",1316775982032
java.vm.specification.vendor,sysinfo,,,"Sun Microsystems Inc.",1316775982032
java.vm.specification.version,sysinfo,,,"1.0",1316775982032
java.vm.vendor,sysinfo,,,"Apple Inc.",1316775982032
java.vm.version,sysinfo,,,"20.1-b02-383",1316775982032
opened,view,org.eclipse.ui.ide,3.7.0.I20110519-0100,"org.eclipse.ui.views.ProblemView",1316775985674
opened,editor,org.eclipse.jdt.ui,3.7.0.v20110531-1200,"org.eclipse.jdt.ui.CompilationUnitEditor",1316775986656
activated,editor,org.eclipse.jdt.ui,3.7.0.v20110531-1200,"org.eclipse.jdt.ui.CompilationUnitEditor",1316775986703
deactivated,workbench,org.eclipse.ui.workbench,3.7.0.I20110519-0100,"",1316776250047
activated,workbench,org.eclipse.ui.workbench,3.7.0.I20110519-0100,"",1316776250719
deactivated,workbench,org.eclipse.ui.workbench,3.7.0.I20110519-0100,"",1316776252010
activated,workbench,org.eclipse.ui.workbench,3.7.0.I20110519-0100,"",1316776454072
deactivated,workbench,org.eclipse.ui.workbench,3.7.0.I20110519-0100,"",1316776457969
activated,workbench,org.eclipse.ui.workbench,3.7.0.I20110519-0100,"",1316776566363
deactivated,workbench,org.eclipse.ui.workbench,3.7.0.I20110519-0100,"",1316776763212
activated,workbench,org.eclipse.ui.workbench,3.7.0.I20110519-0100,"",1316777141981
deactivated,workbench,org.eclipse.ui.workbench,3.7.0.I20110519-0100,"",1316777144507
activated,workbench,org.eclipse.ui.workbench,3.7.0.I20110519-0100,"",1316777207293
activated,editor,org.eclipse.jdt.ui,3.7.0.v20110531-1200,"org.eclipse.jdt.ui.CompilationUnitEditor",1316777208740
opened,editor,org.eclipse.jdt.ui,3.7.0.v20110531-1200,"org.eclipse.jdt.ui.CompilationUnitEditor",1316777213468
activated,editor,org.eclipse.jdt.ui,3.7.0.v20110531-1200,"org.eclipse.jdt.ui.CompilationUnitEditor",1316777213557
opened,editor,org.eclipse.jdt.ui,3.7.0.v20110531-1200,"org.eclipse.jdt.ui.CompilationUnitEditor",1316777219795
activated,editor,org.eclipse.jdt.ui,3.7.0.v20110531-1200,"org.eclipse.jdt.ui.CompilationUnitEditor",1316777219837
deactivated,workbench,org.eclipse.ui.workbench,3.7.0.I20110519-0100,"",1316777262760
activated,workbench,org.eclipse.ui.workbench,3.7.0.I20110519-0100,"",1316777427599
deactivated,workbench,org.eclipse.ui.workbench,3.7.0.I20110519-0100,"",1316777431962
activated,workbench,org.eclipse.ui.workbench,3.7.0.I20110519-0100,"",1316777437723
deactivated,workbench,org.eclipse.ui.workbench,3.7.0.I20110519-0100,"",1316777439683
activated,workbench,org.eclipse.ui.workbench,3.7.0.I20110519-0100,"",1316777464138
deactivated,workbench,org.eclipse.ui.workbench,3.7.0.I20110519-0100,"",1316777494190
activated,workbench,org.eclipse.ui.workbench,3.7.0.I20110519-0100,"",1316777509979
deactivated,workbench,org.eclipse.ui.workbench,3.7.0.I20110519-0100,"",1316777523006
activated,workbench,org.eclipse.ui.workbench,3.7.0.I20110519-0100,"",1316778094247
deactivated,workbench,org.eclipse.ui.workbench,3.7.0.I20110519-0100,"",1316778095667
activated,workbench,org.eclipse.ui.workbench,3.7.0.I20110519-0100,"",1316778845862
deactivated,workbench,org.eclipse.ui.workbench,3.7.0.I20110519-0100,"",1316778846782
activated,workbench,org.eclipse.ui.workbench,3.7.0.I20110519-0100,"",1316780606216
deactivated,workbench,org.eclipse.ui.workbench,3.7.0.I20110519-0100,"",1316780619477
started,bundle,org.eclipse.ant.ui,3.5.100.v20110510,"org.eclipse.ant.ui",1316780624911
started,bundle,org.eclipse.ant.launching,1.0.100.v20110506,"org.eclipse.ant.launching",1316780624931
started,bundle,org.eclipse.datatools.connectivity,1.2.2.v201105270956,"org.eclipse.datatools.connectivity",1316780638022
started,bundle,org.eclipse.datatools.connectivity.ui,1.2.1.v201010211430,"org.eclipse.datatools.connectivity.ui",1316780638024
started,bundle,org.eclipse.wst.sse.ui,1.3.0.v201105101529,"org.eclipse.wst.sse.ui",1316780666009
started,bundle,org.eclipse.help.base,3.6.0.v201106131736,"org.eclipse.help.base",1316780675732
started,bundle,org.eclipse.help.ui,3.5.100.v20110425,"org.eclipse.help.ui",1316780675740
started,bundle,org.eclipse.ui.browser,3.3.100.v20110426,"org.eclipse.ui.browser",1316780675753
started,bundle,org.eclipse.equinox.p2.ui.sdk,1.0.200.v20110502-1955,"org.eclipse.equinox.p2.ui.sdk",1316780677879
started,bundle,org.eclipse.tm.terminal.view,2.2.0.v201103142315,"org.eclipse.tm.terminal.view",1316780702496
activated,workbench,org.eclipse.ui.workbench,3.7.0.I20110519-0100,"",1316780703000
executed,command,org.eclipse.ui,3.7.0.I20110602-0100,"org.eclipse.ui.window.preferences",1316780703042
deactivated,workbench,org.eclipse.ui.workbench,3.7.0.I20110519-0100,"",1316780704124
activated,workbench,org.eclipse.ui.workbench,3.7.0.I20110519-0100,"",1316780733919
deactivated,workbench,org.eclipse.ui.workbench,3.7.0.I20110519-0100,"",1316780737949
activated,workbench,org.eclipse.ui.workbench,3.7.0.I20110519-0100,"",1316780757229
executed,command,org.eclipse.ui,3.7.0.I20110602-0100,"org.eclipse.ui.window.preferences",1316780757284
activated,editor,org.eclipse.jdt.ui,3.7.0.v20110531-1200,"org.eclipse.jdt.ui.CompilationUnitEditor",1316780762179
started,bundle,org.eclipse.pde.launching,3.6.0.v20110506,"org.eclipse.pde.launching",1316780768696
started,bundle,org.eclipse.ui.views.log,1.0.200.v20110404,"org.eclipse.ui.views.log",1316780768700
started,bundle,org.eclipse.pde.ui,3.6.100.v20110603,"org.eclipse.pde.ui",1316780768702
opened,view,org.eclipse.jdt.ui,3.7.0.v20110531-1200,"org.eclipse.jdt.ui.PackageExplorer",1316780768766
opened,view,org.eclipse.jdt.junit,3.7.0.v20110505-0800,"org.eclipse.jdt.junit.ResultView",1316780768880
opened,view,org.eclipse.ui.console,3.5.100.v20110511,"org.eclipse.ui.console.ConsoleView",1316780768937
opened,view,org.eclipse.mylyn.tasks.ui,3.6.0.v20110608-1400,"org.eclipse.mylyn.tasks.ui.views.tasks",1316780769177
opened,view,org.eclipse.ui.views,3.6.0.I20110412-0800,"org.eclipse.ui.views.ContentOutline",1316780769289
deactivated,workbench,org.eclipse.ui.workbench,3.7.0.I20110519-0100,"",1316780778669
activated,workbench,org.eclipse.ui.workbench,3.7.0.I20110519-0100,"",1316781028950
activated,editor,org.eclipse.jdt.ui,3.7.0.v20110531-1200,"org.eclipse.jdt.ui.CompilationUnitEditor",1316781037023
deactivated,workbench,org.eclipse.ui.workbench,3.7.0.I20110519-0100,"",1316781080391
executed,command,org.eclipse.jdt.ui,3.7.0.v20110531-1200,"org.eclipse.jdt.ui.edit.text.java.open.hierarchy",1316781080427
activated,workbench,org.eclipse.ui.workbench,3.7.0.I20110519-0100,"",1316781083162
deactivated,workbench,org.eclipse.ui.workbench,3.7.0.I20110519-0100,"",1316781084169
activated,workbench,org.eclipse.ui.workbench,3.7.0.I20110519-0100,"",1316781084587
started,bundle,org.eclipse.compare,3.5.200.I20110525-0800,"org.eclipse.compare",1316781086924
executed,command,org.eclipse.ui,3.7.0.I20110602-0100,"org.eclipse.ui.file.save",1316781101941
executed,command,org.eclipse.ui,3.7.0.I20110602-0100,"org.eclipse.ui.edit.copy",1316781102714
executed,command,org.eclipse.ui,3.7.0.I20110602-0100,"org.eclipse.ui.edit.paste",1316781104762
executed,command,org.eclipse.ui,3.7.0.I20110602-0100,"org.eclipse.ui.edit.paste",1316781106079
executed,command,org.eclipse.ui,3.7.0.I20110602-0100,"org.eclipse.ui.edit.paste",1316781107135
executed,command,org.eclipse.ui,3.7.0.I20110602-0100,"org.eclipse.ui.edit.paste",1316781109167
executed,command,org.eclipse.ui,3.7.0.I20110602-0100,"org.eclipse.ui.edit.paste",1316781110488
executed,command,org.eclipse.ui,3.7.0.I20110602-0100,"org.eclipse.ui.edit.paste",1316781113715
executed,command,org.eclipse.ui,3.7.0.I20110602-0100,"org.eclipse.ui.file.save",1316781116063
started,bundle,org.eclipse.mylyn.ide.ui,3.6.0.v20110608-1400,"org.eclipse.mylyn.ide.ui",1316781134430
started,bundle,org.eclipse.jpt.jaxb.ui,1.1.0.v201105180000,"org.eclipse.jpt.jaxb.ui",1316781134448
started,bundle,org.eclipse.jpt.jpa.ui,3.0.0.v201105170000,"org.eclipse.jpt.jpa.ui",1316781134458
started,bundle,org.eclipse.jpt.common.core,1.0.0.v201105180000,"org.eclipse.jpt.common.core",1316781134467
started,bundle,org.eclipse.jpt.jpa.core,3.0.0.v201105250001,"org.eclipse.jpt.jpa.core",1316781134472
started,bundle,org.eclipse.jst.ws.jaxws.ui,1.0.100.v201104032053,"org.eclipse.jst.ws.jaxws.ui",1316781134495
started,bundle,org.eclipse.mylyn.java.ui,3.6.0.v20110608-1400,"org.eclipse.mylyn.java.ui",1316781134502
started,bundle,org.eclipse.pde.api.tools,1.0.300.v20110523-1600,"org.eclipse.pde.api.tools",1316781134543
started,bundle,org.eclipse.pde.api.tools.ui,1.0.300.v20110523-1600,"org.eclipse.pde.api.tools.ui",1316781134545
started,bundle,org.eclipse.jpt.jaxb.core,1.0.0.v201105240000,"org.eclipse.jpt.jaxb.core",1316781134771
executed,command,org.eclipse.ui,3.7.0.I20110602-0100,"org.eclipse.ui.file.save",1316781139959
activated,editor,org.eclipse.jdt.ui,3.7.0.v20110531-1200,"org.eclipse.jdt.ui.CompilationUnitEditor",1316781143568
opened,editor,org.eclipse.jdt.ui,3.7.0.v20110531-1200,"org.eclipse.jdt.ui.CompilationUnitEditor",1316781147291
